model,type,mean,std,lb,ub
MLE,NGT,3.2922867999580663,3.392864735403947,1.5752918915447331,5.009281708371399
partial_pooling,NGT,0.49770832623255,0.8893666635443691,0.04763496578175974,0.9477816866833403
no_pooling,NGT,0.5232115772940922,0.8105373916831692,0.11303059952725125,0.9333925550609331
MLE,IGT,4.40087465909623,8.96697168537134,-3.458878143843741,12.2606274620362
partial_pooling,IGT,0.43292651764213214,0.23679848175622828,0.22536731080848527,0.640485724475779
no_pooling,IGT,0.3558172040724584,0.192684965541843,0.18692448854481084,0.524709919600106
MLE,T2DM,0.2581680975575143,0.47234116016447947,0.019134882182395258,0.49720131293263337
partial_pooling,T2DM,0.5609371691561659,1.0626229810751553,0.0231856257390316,1.0986887125733
no_pooling,T2DM,0.7027478729047955,0.9202030909468286,0.23706941382121915,1.1684263319883716
