model,type,mean,std,lb,ub
MLE,NGT,0.5931956417292693,0.7623583219920854,0.20739618925239345,0.9789950942061452
partial_pooling,NGT,0.49770832623255,0.8893666635443691,0.04763496578175974,0.9477816866833403
no_pooling,NGT,0.5232115772940922,0.8105373916831692,0.11303059952725125,0.9333925550609331
MLE,IGT,0.4911559735989715,0.4476408903130588,0.09878864315580566,0.8835233040421373
partial_pooling,IGT,0.43292651764213214,0.23679848175622828,0.22536731080848527,0.640485724475779
no_pooling,IGT,0.3558172040724584,0.192684965541843,0.18692448854481084,0.524709919600106
MLE,T2DM,0.15217951172583205,0.2840016638224567,0.00845748070120969,0.29590154275045444
partial_pooling,T2DM,0.5609371691561659,1.0626229810751553,0.0231856257390316,1.0986887125733
no_pooling,T2DM,0.7027478729047955,0.9202030909468286,0.23706941382121915,1.1684263319883716
