Model,Dataset,Train_R2_Mean,Test_R2_Mean,Train_R2_Std,Test_R2_Std,Train_MSE_Mean,Test_MSE_Mean,Train_MSE_Std,Test_MSE_Std,R2_Diff,MSE_Diff
partial_pooling,ohashi_low,-2.270376097937494,-0.41727803987948,6.6414395006406854,2.1698326952086897,NaN,0.7731214139910026,NaN,1.3773969076390222,1.8530980580580139,NaN
partial_pooling,ohashi_rich,-1.7213496401931843,0.5199796488204509,7.670574775429663,0.7492790196604833,NaN,0.1731201296167785,NaN,0.1756749295773636,2.241329289013635,NaN
no_pooling,ohashi_low,-0.9877331746683292,-0.1584560241521917,3.4614046084640013,1.579630407944118,NaN,0.768462260525671,NaN,1.4610883972826079,0.8292771505161375,NaN
no_pooling,ohashi_rich,-1.716207179612032,-0.13004945950616867,7.3765413680265945,1.2651142117192957,NaN,0.2895210207543834,NaN,0.1834595712378335,1.5861577201058632,NaN
MLE,ohashi_low,0.9072299552893701,0.8370971120839964,0.10651039630859067,0.258498386491369,NaN,NaN,NaN,NaN,-0.07013284320537372,NaN
MLE,ohashi_rich,0.8966510974865877,0.8707408895091056,0.2178081957656614,0.284220134701666,NaN,NaN,NaN,NaN,-0.025910207977482114,NaN
