Dataset,Subject_Type,Model1,Model2,Mean_MSE1,Mean_MSE2,Mean_Difference,T_Statistic,P_Value,Significant
ohashi_rich,All,MLE,Partial_Pooling,0.2122969251127044,0.24647098271420087,-0.03417405760149647,-0.8029062242142027,0.4276062222012831,false
ohashi_rich,All,MLE,No_Pooling,0.2122969251127044,0.3079041189568813,-0.09560719384417686,-1.932885428623315,0.06161421645439855,false
ohashi_rich,All,Partial_Pooling,No_Pooling,0.24647098271420087,0.3079041189568813,-0.061433136242680396,-2.2756001047197785,0.029290517671013625,true
ohashi_low,All,MLE,Partial_Pooling,0.6482375201100179,0.819919853989643,-0.17168233387962495,-0.3809025305273553,0.7082856233191124,false
ohashi_low,All,MLE,No_Pooling,0.6482375201100179,0.7623462655063561,-0.11410874539633817,-0.2626833330083085,0.7961470367283652,false
ohashi_low,All,Partial_Pooling,No_Pooling,0.819919853989643,0.7623462655063561,0.057573588483286774,1.4301358093421044,0.17191600402604876,false
Cross_Dataset,All,MLE (full),MLE (low),0.2122969251127044,0.6482375201100179,-0.4359405949973135,-1.4913129789717703,0.1546065489929116,false
Cross_Dataset,All,partial_pooling (full),partial_pooling (low),0.24647098271420087,0.819919853989643,-0.5734488712754421,-1.5899305903649013,0.13103892143287585,false
Cross_Dataset,All,no_pooling (full),no_pooling (low),0.3079041189568813,0.7623462655063561,-0.4544421465494748,-1.3380065683153666,0.19923543000989966,false
