Dataset,Subject_Type,Model1,Model2,Mean_MSE1,Mean_MSE2,Mean_Difference,T_Statistic,P_Value,Significant
ohashi_rich,All,MLE,Partial_Pooling,0.4374879431538033,0.23241697612783235,0.20507096702597094,0.8536215641966534,0.39928894406041726,false
ohashi_rich,All,MLE,No_Pooling,0.4374879431538033,0.2100145489733324,0.22747339418047088,0.9498191167974546,0.3489073114928529,false
ohashi_rich,All,Partial_Pooling,No_Pooling,0.23241697612783235,0.2100145489733324,0.022402427154499912,1.1608342922318715,0.2537950687528725,false
ohashi_low,All,MLE,Partial_Pooling,0.25154465822974464,0.7013419326642009,-0.4497972744344563,-1.5431466656473043,0.1423409967460134,false
ohashi_low,All,MLE,No_Pooling,0.25154465822974464,12.959579845197686,-12.708035186967944,-3.7022177798854234,0.0019332905171243234,true
ohashi_low,All,Partial_Pooling,No_Pooling,0.7013419326642009,12.959579845197686,-12.258237912533488,-3.5415428700487066,0.002714577848148467,true
Cross_Dataset,All,Rich_MLE,Low_MLE,0.4374879431538033,0.25154465822974464,0.18594328492405865,0.7498375889636747,0.45782098655033154,false
Cross_Dataset,All,Rich_partial_pooling,Low_partial_pooling,0.23241697612783235,0.7013419326642009,-0.4689249565363685,-1.4830775437185495,0.15715076596893798,false
Cross_Dataset,All,Rich_no_pooling,Low_no_pooling,0.2100145489733324,12.959579845197686,-12.749565296224354,-3.748591531107868,0.0017527674858402783,true
